# X , Y , E Distribution=true
0
-20.1034,0.0161884,0.00574033
-19.9824,0.0130124,0.00529632
-19.8614,0.0145947,0.00551824
-19.7404,0.0084077,0.00420665
-19.6194,0.0144414,0.00546288
-19.4985,0.00825071,0.00412922
-19.3775,0.00639346,0.00369363
-19.2565,0.00617675,0.00357006
-19.1355,0.0165912,0.00587101
-19.0145,0.0167485,0.00592465
-18.8935,0.0188321,0.00628081
-18.7726,0.0229013,0.00691269
-18.6516,0.00884739,0.00430077
-18.5306,0.00993324,0.00455762
-18.4096,0.0126435,0.00516378
-18.2886,0.0148098,0.00560303
-18.1676,0.0152483,0.0056997
-18.0467,0.0261995,0.00741868
-17.9257,0.0363533,0.00873499
-17.8047,0.0174503,0.00613754
-17.6837,0.0136944,0.00540313
-17.5627,0.03515,0.00866838
-17.4417,0.0188304,0.00628126
-17.3208,0.0344836,0.00862793
-17.1998,0.0414945,0.00947339
-17.0788,0.0234428,0.00708869
-16.9578,0.0169654,0.00607095
-16.8368,0.0260407,0.00752562
-16.7158,0.0350748,0.0087447
-16.5949,0.0315862,0.00817369
-16.4739,0.0301263,0.00807783
-16.3529,0.0300803,0.00804695
-16.2319,0.0271266,0.00771448
-16.1109,0.0250691,0.00736663
-15.9899,0.0263605,0.00761391
-15.869,0.0333976,0.00855184
-15.748,0.0449668,0.00999191
-15.627,0.0276765,0.00785737
-15.506,0.0372075,0.00903677
-15.385,0.0356179,0.00881184
-15.264,0.0357111,0.0088925
-15.1431,0.0296168,0.00802447
-15.0221,0.0477466,0.0102349
-14.9011,0.0380091,0.00922797
-14.7801,0.0286199,0.00794306
-14.6591,0.0592445,0.0114941
-14.5381,0.0667464,0.0122102
-14.4172,0.070916,0.0125489
-14.2962,0.0668496,0.0123722
-14.1752,0.0653304,0.0121213
-14.0542,0.0526897,0.0109813
-13.9332,0.0507483,0.0106398
-13.8122,0.0586622,0.0116587
-13.6913,0.0697444,0.0126479
-13.5703,0.0974472,0.0148985
-13.4493,0.0795315,0.0134052
-13.3283,0.0752216,0.0130959
-13.2073,0.0770037,0.0132452
-13.0863,0.0929717,0.0145183
-12.9654,0.0750679,0.0129998
-12.8444,0.109618,0.0159151
-12.7234,0.0665132,0.0123644
-12.6024,0.0865571,0.0140643
-12.4814,0.0983886,0.0149811
-12.3604,0.129834,0.0171595
-12.2395,0.0831132,0.0137589
-12.1185,0.101545,0.0152209
-11.9975,0.12107,0.0166277
-11.8765,0.146155,0.0183856
-11.7555,0.140065,0.0178319
-11.6345,0.0843072,0.0138649
-11.5136,0.102591,0.0152899
-11.3926,0.110155,0.0159172
-11.2716,0.143891,0.0181443
-11.1506,0.134244,0.0174935
-11.0296,0.158552,0.0191005
-10.9086,0.136013,0.0176815
-10.7877,0.180546,0.0204746
-10.6667,0.159787,0.0191392
-10.5457,0.158069,0.0190766
-10.4247,0.168723,0.0197009
-10.3037,0.141272,0.0180611
-10.1828,0.174335,0.0199925
-10.0618,0.195706,0.0211756
-9.94078,0.197755,0.0213345
-9.8198,0.195586,0.0212511
-9.69882,0.144672,0.0182545
-9.57783,0.199595,0.0214257
-9.45685,0.205317,0.0216901
-9.33587,0.198564,0.0213423
-9.21488,0.201849,0.0215757
-9.0939,0.218567,0.0223929
-8.97292,0.217547,0.0224227
-8.85194,0.260713,0.0246225
-8.73095,0.263226,0.0246572
-8.60997,0.274323,0.0252168
-8.48899,0.253109,0.0242112
-8.368,0.255034,0.024194
-8.24702,0.289274,0.0258247
-8.12604,0.272698,0.0251218
-8.00505,0.273375,0.025193
-7.88407,0.263227,0.0246873
-7.76309,0.300917,0.0263832
-7.6421,0.276752,0.0253346
-7.52112,0.332329,0.0278832
-7.40014,0.32129,0.0273052
-7.27915,0.330626,0.0277217
-7.15817,0.335821,0.0279491
-7.03719,0.291651,0.0260222
-6.9162,0.348042,0.028407
-6.79522,0.374612,0.0294887
-6.67424,0.347981,0.0284764
-6.55326,0.389691,0.0301409
-6.43227,0.406659,0.0307277
-6.31129,0.41574,0.0312009
-6.19031,0.444524,0.03223
-6.06932,0.423362,0.0314369
-5.94834,0.448737,0.0324308
-5.82736,0.45149,0.0325423
-5.70637,0.412635,0.0310665
-5.58539,0.490141,0.0338685
-5.46441,0.516581,0.03473
-5.34342,0.469761,0.0331522
-5.22244,0.512749,0.0346339
-5.10146,0.539395,0.0355381
-4.98047,0.636969,0.0386421
-4.85949,0.553903,0.036026
-4.73851,0.525254,0.0351215
-4.61752,0.620844,0.0381345
-4.49654,0.597486,0.0374865
-4.37556,0.635573,0.0387011
-4.25457,0.630485,0.0384375
-4.13359,0.675191,0.039755
-4.01261,0.722014,0.0410977
-3.89163,0.824176,0.0438621
-3.77064,0.874464,0.0452547
-3.64966,0.937168,0.0469034
-3.52868,1.07147,0.0499429
-3.40769,1.21408,0.0531296
-3.28671,1.68977,0.0626409
-3.16573,1.9693,0.0676032
-3.04474,2.43505,0.0751482
-2.92376,2.89346,0.0819042
-2.80278,3.313,0.0875855
-2.68179,4.01649,0.096405
-2.56081,4.76239,0.104752
-2.43983,6.00326,0.117529
-2.31884,7.04939,0.127095
-2.19786,8.65557,0.140719
-2.07688,10.538,0.155165
-1.95589,13.6725,0.176857
-1.83491,16.8393,0.196462
-1.71393,20.7742,0.218665
-1.59295,24.9997,0.240013
-1.47196,29.8648,0.262889
-1.35098,35.6877,0.287978
-1.23,42.2091,0.313628
-1.10901,49.4454,0.339886
-0.988029,57.9208,0.368716
-0.867046,66.7095,0.396531
-0.746063,77.7442,0.428708
-0.62508,88.7791,0.459182
-0.504097,99.1927,0.486107
-0.383113,109.547,0.512322
-0.26213,116.192,0.528315
-0.141147,120.934,0.539821
-0.0201639,121.105,0.54073
0.100819,117.103,0.532011
0.221802,110.173,0.516035
0.342786,101.073,0.494697
0.463769,89.6632,0.465633
0.584752,78.1941,0.434784
0.705735,67.6705,0.404397
0.826718,56.821,0.370312
0.947701,47.0967,0.337049
1.06868,39.5697,0.308777
1.18967,34.4438,0.288005
1.31065,29.5937,0.267097
1.43163,25.552,0.248273
1.55262,22.1971,0.231436
1.6736,19.1895,0.215278
1.79458,16.4526,0.19936
1.91557,14.085,0.184444
2.03655,11.9433,0.169895
2.15753,10.4886,0.159224
2.27852,9.07946,0.148222
2.3995,7.72811,0.136867
2.52048,6.68026,0.127358
2.64147,6.15111,0.122273
2.76245,5.36228,0.114194
2.88343,5.37851,0.114429
3.00442,5.12261,0.111716
3.1254,5.09262,0.111472
3.24638,4.85776,0.108861
3.36736,4.67284,0.106818
3.48835,4.64325,0.10652
3.60933,4.58152,0.105851
3.73031,4.64128,0.106543
3.8513,4.45678,0.104523
3.97228,4.33415,0.1031
4.09326,4.18756,0.101395
4.21425,3.80438,0.0966551
4.33523,3.75274,0.0960789
4.45621,3.52375,0.0931139
4.5772,3.35252,0.0909002
4.69818,3.16524,0.0882374
4.81916,2.90411,0.0846288
4.94015,2.99406,0.085967
5.06113,2.77173,0.0827341
5.18211,2.4421,0.0776804
5.3031,2.28645,0.0752488
5.42408,2.16076,0.0732415
5.54506,1.90406,0.0687222
5.66605,1.64643,0.0639817
5.78703,1.54335,0.061949
5.90801,1.50357,0.0612285
6.02899,1.40815,0.0593116
6.14998,1.30691,0.0571593
6.27096,1.30695,0.0572091
6.39194,1.19014,0.0546647
6.51293,1.17484,0.054341
6.63391,1.11888,0.0530048
6.75489,1.05656,0.0515992
6.87588,1.13937,0.0535487
6.99686,1.19283,0.0547666
7.11784,1.30471,0.0573134
7.23883,1.18428,0.0546236
7.35981,1.18106,0.0546071
7.48079,1.06818,0.0519394
7.60178,1.04918,0.0515421
7.72276,1.01157,0.0506458
7.84374,0.950499,0.0491273
7.96473,0.910087,0.0480305
8.08571,0.92619,0.0484918
8.20669,0.965807,0.0496269
8.32767,0.902978,0.0480358
8.44866,0.946306,0.0491515
8.56964,1.00626,0.0507269
8.69062,0.903889,0.0480739
8.81161,0.967341,0.049782
8.93259,0.998769,0.0506159
9.05357,1.03404,0.0515511
9.17456,1.02561,0.0512962
9.29554,0.919591,0.0485767
9.41652,0.905135,0.0482862
9.53751,0.801301,0.0454837
9.65849,0.829728,0.046343
9.77947,0.735644,0.0436863
9.90046,0.702362,0.0427706
10.0214,0.676394,0.0419673
10.1424,0.601022,0.0396371
10.2634,0.656262,0.0414105
10.3844,0.604141,0.0397753
10.5054,0.62908,0.0406452
10.6264,0.568475,0.0386527
10.7473,0.542234,0.0377809
10.8683,0.59362,0.0395521
10.9893,0.543263,0.0379219
11.1103,0.502679,0.0364913
11.2313,0.621466,0.0406671
11.3523,0.553042,0.0383607
11.4732,0.554719,0.0384134
11.5942,0.471157,0.0354866
11.7152,0.488246,0.0361765
11.8362,0.459403,0.0351219
11.9572,0.481376,0.0360026
12.0782,0.482988,0.0360684
12.1991,0.45954,0.0352963
12.3201,0.470119,0.0356913
12.4411,0.530516,0.0379711
12.5621,0.515623,0.0373962
12.6831,0.442056,0.0346962
12.8041,0.402213,0.0331497
12.925,0.448456,0.0350626
13.046,0.444569,0.0348967
13.167,0.402024,0.0332086
13.288,0.390407,0.0327571
13.409,0.363189,0.0316096
13.53,0.370835,0.0319881
13.6509,0.314319,0.0294079
13.7719,0.33117,0.0302242
13.8929,0.293967,0.0284789
14.0139,0.305229,0.0290926
14.1349,0.305214,0.0291136
14.2559,0.30167,0.0289521
14.3768,0.340175,0.0307696
14.4978,0.314313,0.0295798
14.6188,0.313135,0.0295802
14.7398,0.293388,0.0286212
14.8608,0.280713,0.0280243
14.9817,0.273182,0.0276788
15.1027,0.313956,0.0296759
15.2237,0.282396,0.0281163
15.3447,0.28237,0.028119
15.4657,0.280192,0.0280328
15.5867,0.301441,0.0291346
15.7076,0.214119,0.0245574
15.8286,0.30686,0.0294826
15.9496,0.251807,0.0266998
16.0706,0.294634,0.0289285
16.1916,0.284143,0.0283461
16.3126,0.280937,0.0282134
16.4335,0.287958,0.0286527
16.5545,0.294179,0.0290265
16.6755,0.31024,0.0298348
16.7965,0.29566,0.0289701
16.9175,0.315557,0.0300099
17.0385,0.326037,0.0305943
17.1594,0.338003,0.0311956
17.2804,0.302545,0.0295025
17.4014,0.310507,0.0298872
17.5224,0.29343,0.0290866
17.6434,0.323549,0.0306304
17.7644,0.33693,0.0312464
17.8853,0.302823,0.0296742
18.0063,0.355826,0.0321405
18.1273,0.322559,0.0306087
18.2483,0.293036,0.0291918
18.3693,0.377441,0.0331537
18.4903,0.360725,0.0325011
18.6112,0.324098,0.0308054
18.7322,0.338533,0.0315385
18.8532,0.335872,0.0314114
18.9742,0.331096,0.0312216
19.0952,0.272895,0.0283316
19.2162,0.314758,0.0304798
19.3371,0.298939,0.029701
19.4581,0.29809,0.0296447
19.5791,0.256854,0.0276393
19.7001,0.297286,0.0296368
19.8211,0.340548,0.0317667
19.9421,0.2571,0.0275893
20.063,0.286288,0.0291551
20.184,0.284498,0.0291198
20.305,0.310621,0.030469
20.426,0.253035,0.027441
20.547,0.278995,0.0288393
20.668,0.272362,0.0285344
20.7889,0.213225,0.0252245
20.9099,0.25302,0.0275197
21.0309,0.205604,0.024775
21.1519,0.251784,0.027475
21.2729,0.234377,0.0264857
21.3939,0.22468,0.0259212
21.5148,0.229241,0.0263434
21.6358,0.235873,0.0266121
21.7568,0.207287,0.0249743
21.8778,0.18765,0.0237831
21.9988,0.22488,0.0260154
22.1198,0.189044,0.0238981
22.2407,0.216594,0.0255532
22.3617,0.210184,0.0252066
22.4827,0.216394,0.0255133
22.6037,0.186115,0.0237229
22.7247,0.175686,0.0231388
22.8457,0.222086,0.025894
22.9666,0.221222,0.0260109
23.0876,0.26826,0.0285904
23.2086,0.183891,0.0236319
23.3296,0.209794,0.025318
23.4506,0.204405,0.0249794
23.5716,0.187471,0.0239525
23.6925,0.205095,0.0250438
23.8135,0.191753,0.0241839
23.9345,0.238586,0.0271188
24.0555,0.159547,0.0221609
24.1563,0.215451,0.0314513
24.2571,0.188229,0.0124524
24.3784,0.208284,0.0131142
24.5003,0.22646,0.0135909
24.6228,0.229179,0.013635
24.7459,0.225644,0.0135255
24.8696,0.226782,0.0134624
24.994,0.246403,0.0140338
25.119,0.242972,0.0139027
25.2446,0.235061,0.0135516
25.3708,0.228377,0.013374
25.4976,0.228614,0.0134001
25.6251,0.236362,0.0136017
25.7533,0.243432,0.0137093
25.882,0.24555,0.0137435
26.0114,0.228408,0.0132549
26.1415,0.235923,0.0133967
26.2722,0.200649,0.0123051
26.4036,0.212464,0.012649
26.5356,0.257827,0.0139152
26.6682,0.208849,0.0124715
26.8016,0.227729,0.012985
26.9356,0.233507,0.01311
27.0703,0.197718,0.0120339
27.2056,0.244289,0.0133692
27.3417,0.247521,0.0134111
27.4784,0.235004,0.0130972
27.6158,0.249037,0.0133886
27.7538,0.221772,0.0126294
27.8926,0.224699,0.0126457
28.0321,0.226239,0.0126699
28.1722,0.226598,0.0126603
28.3131,0.240197,0.0130058
28.4547,0.238066,0.0129156
28.5969,0.244537,0.0130783
28.7399,0.260882,0.0134605
28.8836,0.275365,0.0137933
29.028,0.294069,0.0142345
29.1732,0.260019,0.0133672
29.319,0.255679,0.0132376
29.4656,0.259178,0.0133133
29.613,0.243061,0.0128358
29.761,0.254771,0.0131101
29.9098,0.257924,0.0131699
30.0594,0.270658,0.01347
30.2097,0.283154,0.0137416
30.3607,0.274193,0.0134801
30.5125,0.252238,0.0129322
30.6651,0.277692,0.0135467
30.8184,0.284913,0.0136413
30.9725,0.29746,0.0139874
31.1274,0.251275,0.0127934
31.283,0.25431,0.0128645
31.4394,0.251672,0.0127357
31.5966,0.236803,0.0123497
31.7546,0.227078,0.0120521
31.9134,0.24283,0.0124797
32.0729,0.231004,0.0121185
32.2333,0.22065,0.0118333
32.3945,0.203383,0.0113325
32.5564,0.203781,0.0112981
32.7192,0.20763,0.0114151
32.8828,0.206385,0.0113729
33.0472,0.199664,0.0111578
33.2125,0.178006,0.0105013
33.3785,0.184061,0.0106306
33.5454,0.199143,0.0110703
33.7132,0.183747,0.0105921
33.8817,0.200601,0.0110491
34.0511,0.187125,0.0106407
34.2214,0.191961,0.0107914
34.3925,0.183643,0.010501
34.5645,0.188904,0.0106323
34.7373,0.196618,0.0108291
34.911,0.213443,0.0112287
35.0855,0.184453,0.0104185
35.2609,0.168592,0.00996942
35.4373,0.174262,0.0100778
35.6144,0.163841,0.00977573
35.7925,0.151198,0.00935665
35.9715,0.173813,0.00999796
36.1513,0.150079,0.00926058
36.3321,0.155869,0.00943857
36.5137,0.15505,0.00940179
36.6963,0.137233,0.0088193
36.8798,0.150276,0.00921678
37.0642,0.144519,0.00900964
37.2495,0.159973,0.00944739
37.4358,0.156744,0.00936771
37.6229,0.152536,0.00921049
37.8111,0.155674,0.00929202
38.0001,0.141762,0.00881461
38.1901,0.147788,0.00900042
38.3811,0.147686,0.0089874
38.573,0.160634,0.00933442
38.7658,0.149829,0.00899784
38.9597,0.158921,0.0092401
39.1545,0.140796,0.00867059
39.3502,0.148763,0.00889902
39.547,0.15108,0.00896274
39.7447,0.139534,0.00858562
39.9434,0.158237,0.00913688
40.1432,0.159278,0.00914146
40.3439,0.130518,0.00826188
40.5456,0.156059,0.00901366
40.7483,0.147916,0.00877426
40.9521,0.152289,0.00886195
41.1568,0.148607,0.00871824
41.3626,0.162581,0.00911995
41.5694,0.16066,0.00905328
41.7773,0.146928,0.00864101
41.9862,0.15444,0.00883379
42.1961,0.155368,0.00884801
42.4071,0.156879,0.00887455
42.6191,0.131483,0.00808763
42.8322,0.139218,0.00830923
43.0464,0.132529,0.00810732
43.2616,0.136849,0.00820182
43.4779,0.119002,0.00765379
43.6953,0.136521,0.00816149
43.9138,0.121972,0.0077144
44.1333,0.121098,0.0076646
44.354,0.122172,0.00768676
44.5758,0.115256,0.00742892
44.7987,0.121762,0.0076483
45.0226,0.120784,0.00759254
45.2478,0.116514,0.00742839
45.474,0.104617,0.00702909
45.7014,0.10735,0.00710681
45.9299,0.115793,0.00735773
46.1595,0.0968745,0.0067153
46.3903,0.112238,0.00721737
46.6223,0.100531,0.00684355
46.8554,0.104689,0.00696072
47.0897,0.116118,0.00731312
47.3251,0.100595,0.00678044
47.5617,0.115997,0.00726273
47.7995,0.103562,0.00685267
48.0385,0.122592,0.00742304
48.2787,0.114944,0.00716998
48.5201,0.109199,0.00700899
48.7627,0.111068,0.00703924
49.0065,0.116375,0.00719327
49.2516,0.10075,0.00666994
49.4978,0.117027,0.00720879
49.7453,0.10779,0.00688106
49.994,0.102109,0.00667982
50.244,0.112651,0.00699968
50.4952,0.105517,0.00675263
50.7477,0.120337,0.00721455
51.0015,0.103767,0.00669308
51.2565,0.106404,0.00676794
51.5127,0.107582,0.00678738
51.7703,0.108871,0.00680904
52.0292,0.116682,0.00704207
52.2893,0.117309,0.00705067
52.5507,0.114704,0.00696124
52.8135,0.119497,0.00707786
53.0776,0.116801,0.00698173
53.343,0.107821,0.00671083
53.6097,0.132277,0.0074346
53.8777,0.118078,0.00701285
54.1471,0.120976,0.00706724
54.4178,0.124791,0.00716876
54.6899,0.114763,0.00687144
54.9634,0.115155,0.00685374
55.2382,0.131307,0.00731107
55.5144,0.122487,0.00706041
55.792,0.130798,0.00728139
56.0709,0.126315,0.00713454
56.3513,0.130161,0.00723677
56.633,0.135388,0.00736565
56.9162,0.142184,0.00754754
57.2008,0.117024,0.00683822
57.4868,0.120474,0.00691731
57.7742,0.111564,0.00665714
58.0631,0.124411,0.00701553
58.3534,0.129179,0.00714368
58.6452,0.120339,0.006877
58.9384,0.130336,0.00714493
59.2331,0.121877,0.00688628
59.5293,0.121805,0.00686953
59.8269,0.126499,0.00699401
60.126,0.120573,0.00681454
60.4267,0.124525,0.00691631
60.7288,0.125777,0.00695176
61.0324,0.111308,0.0065298
61.3376,0.121379,0.00680109
61.6443,0.118216,0.00670153
61.9525,0.13701,0.00719823
62.2623,0.127116,0.00692032
62.5736,0.135922,0.00715771
62.8865,0.145104,0.00736742
63.2009,0.135806,0.00712187
63.5169,0.133026,0.00704141
63.8345,0.141328,0.00724657
64.1537,0.145879,0.00735154
64.4744,0.147899,0.00739498
64.7968,0.157903,0.00763029
65.1208,0.160598,0.00768207
65.4464,0.167555,0.00783681
65.7736,0.153794,0.0074913
66.1025,0.159631,0.00764355
66.433,0.165172,0.0077546
66.7652,0.155059,0.00751014
67.099,0.157992,0.00756549
67.4345,0.176425,0.00798804
67.7716,0.165569,0.00773388
68.1105,0.184153,0.00815011
68.4511,0.199127,0.008461
68.7933,0.211089,0.0087028
69.1373,0.209207,0.00864666
69.483,0.210881,0.00867583
69.8304,0.223742,0.0089317
70.1795,0.212945,0.00871015
70.5304,0.220853,0.00885668
70.8831,0.208276,0.00857809
71.2375,0.220169,0.00882057
71.5937,0.224079,0.00888081
71.9517,0.221318,0.0088132
72.3114,0.232562,0.00902243
72.673,0.230238,0.00897404
73.0363,0.231951,0.00899073
73.4015,0.244507,0.00921796
73.7685,0.219398,0.00872977
74.1374,0.245673,0.00922377
74.5081,0.246648,0.00923771
74.8806,0.24767,0.00923124
75.255,0.256562,0.00938073
75.6313,0.272021,0.00965497
76.0094,0.277259,0.00974467
76.3895,0.282448,0.00981225
76.7714,0.290403,0.00993297
77.1553,0.279654,0.00973162
77.5411,0.306798,0.0101829
77.9288,0.294022,0.00994891
78.3184,0.303449,0.0100965
78.71,0.30535,0.0101197
79.1035,0.314334,0.0102404
79.4991,0.310266,0.0101572
79.8966,0.331996,0.0104848
80.296,0.335409,0.0105258
80.6975,0.333285,0.010483
81.101,0.359882,0.0108812
81.5065,0.393027,0.0113497
81.9141,0.401493,0.0114486
82.3236,0.419287,0.0116745
82.7352,0.480652,0.0124915
83.1489,0.50218,0.0127491
83.5647,0.550534,0.0133406
83.9825,0.614238,0.0140652
84.4024,0.664693,0.0146209
84.8244,0.702661,0.0150211
85.2485,0.764644,0.0156522
85.6748,0.807563,0.0160684
86.1031,0.818637,0.0161678
86.5337,0.837619,0.0163447
86.9663,0.853527,0.0164735
87.4012,0.853338,0.0164672
87.8382,0.827148,0.0161856
88.2774,0.822959,0.0161313
88.7187,0.801049,0.0158947
89.1623,0.839021,0.0162395
89.6082,0.838285,0.016208
90.0562,0.877372,0.0165482
90.5065,0.957849,0.0172707
90.959,0.989668,0.0175307
91.4138,1.07022,0.0182074
91.8709,1.21495,0.0193698
92.3302,1.32594,0.0201996
92.7919,1.4307,0.0209631
93.2558,1.57069,0.021944
93.7221,1.66287,0.0225528
94.1907,1.69911,0.0227686
94.6617,1.67732,0.0225959
95.135,1.64421,0.022344
95.6107,1.56982,0.0217963
96.0887,1.45131,0.0209345
96.5692,1.3478,0.0201419
97.052,1.21855,0.0191211
97.5373,1.11098,0.0182319
98.0249,1.03097,0.0175332
98.5151,0.99216,0.0171769
99.0076,0.943358,0.0167159
99.5027,0.934251,0.0166069
100,0.929551,0.0165457
100.5,0.943754,0.0166415
101.003,0.937716,0.0165742
101.508,0.915025,0.0163389
102.015,0.924291,0.0164086
102.525,0.886378,0.0160489
103.038,0.816044,0.0153662
103.553,0.774658,0.0149641
104.071,0.719565,0.0143977
104.591,0.711944,0.0142994
105.114,0.656061,0.0137074
105.64,0.59445,0.0130308
106.168,0.579562,0.0128502
106.699,0.573533,0.012768
107.232,0.55483,0.0125434
107.768,0.545606,0.0124107
108.307,0.542372,0.0123629
108.849,0.558022,0.0125283
109.393,0.538487,0.0122981
109.94,0.5561,0.0124813
110.49,0.556494,0.012472
111.042,0.531778,0.0121735
111.597,0.534809,0.0121892
112.155,0.549289,0.0123503
112.716,0.576346,0.0126402
113.28,0.532953,0.0121411
113.846,0.53931,0.0122041
114.415,0.558439,0.0124168
114.987,0.560161,0.0124099
115.562,0.568775,0.0124908
116.14,0.60413,0.0128642
116.721,0.630748,0.0131402
117.305,0.647705,0.0133068
117.891,0.696462,0.0137799
118.481,0.706716,0.0138842
119.073,0.74502,0.0142425
119.668,0.776323,0.0145233
120.267,0.842425,0.0151215
120.868,0.879367,0.0154422
121.472,0.900075,0.0156153
122.08,0.952492,0.0160443
122.69,0.995903,0.0164113
123.304,1.02805,0.0166662
123.92,1.06367,0.0169465
124.54,1.04877,0.0168228
125.162,1.0731,0.016999
125.788,0.983549,0.0162755
126.417,0.960141,0.0160606
127.049,0.853032,0.0151305
127.684,0.826591,0.0148903
128.323,0.763963,0.0143087
128.964,0.700817,0.0136965
129.609,0.673794,0.0134093
130.257,0.641191,0.0130719
130.909,0.605228,0.0126964
131.563,0.615597,0.0128036
132.221,0.556224,0.0121615
132.882,0.538263,0.0119549
133.546,0.554779,0.0121344
134.214,0.530909,0.011858
134.885,0.520223,0.0117326
135.56,0.515176,0.0116699
136.238,0.486709,0.0113326
136.919,0.484144,0.0112923
137.603,0.490044,0.0113708
138.291,0.481208,0.0112491
138.983,0.491056,0.0113545
139.678,0.475627,0.0111682
140.376,0.497597,0.0114215
141.078,0.524902,0.0117241
141.783,0.513309,0.0115904
142.492,0.511651,0.0115658
143.205,0.551123,0.0120047
143.921,0.549108,0.0119644
144.64,0.56606,0.0121345
145.364,0.568221,0.0121553
146.09,0.567244,0.0121395
146.821,0.548585,0.0119314
147.555,0.532609,0.0117474
148.293,0.555582,0.012
149.034,0.543649,0.0118602
149.779,0.524879,0.0116474
150.528,0.508133,0.0114563
151.281,0.52158,0.0115992
152.037,0.510961,0.0114752
152.797,0.482804,0.011148
153.561,0.474642,0.0110534
154.329,0.473148,0.0110266
155.101,0.442398,0.0106548
155.876,0.425063,0.0104392
156.656,0.419236,0.0103607
157.439,0.388614,0.00997959
158.226,0.375665,0.00980379
159.017,0.363112,0.00963491
159.812,0.359862,0.0095892
160.612,0.374603,0.00978844
161.415,0.355853,0.00953845
162.222,0.344466,0.00937672
163.033,0.345727,0.0093932
163.848,0.359165,0.00957533
164.667,0.340347,0.00931111
165.491,0.346843,0.00940052
166.318,0.332228,0.00920132
167.15,0.334658,0.0092302
167.985,0.335727,0.00925489
168.825,0.345119,0.00938074
169.669,0.351085,0.00946196
170.518,0.346628,0.00938814
171.37,0.354761,0.00950134
172.227,0.363171,0.00962007
173.088,0.369998,0.00970861
173.954,0.368249,0.00970422
174.823,0.35891,0.00956539
175.698,0.355857,0.00953114
176.576,0.387821,0.00994845
177.459,0.377978,0.0098274
178.346,0.401919,0.0101248
179.238,0.406373,0.0101821
180.134,0.403291,0.0101397
181.035,0.432137,0.0105084
181.94,0.440104,0.010598
182.85,0.441655,0.0106116
183.764,0.468383,0.0109276
184.683,0.454768,0.0107669
185.606,0.492391,0.0112033
186.534,0.474763,0.0110049
187.467,0.480902,0.0110704
188.404,0.465675,0.0108888
189.346,0.468762,0.0109247
190.293,0.44693,0.0106646
191.244,0.444119,0.0106263
192.201,0.44538,0.0106489
193.162,0.455146,0.0107603
194.128,0.434765,0.0105205
195.098,0.431894,0.010479
196.074,0.423321,0.010377
197.054,0.423704,0.0103705
198.039,0.442409,0.0105941
199.029,0.432041,0.0104808
200.025,0.435026,0.0105207
201.025,0.44169,0.0105916
202.03,0.422359,0.0103679
203.04,0.417716,0.0103036
204.055,0.418296,0.0103059
205.075,0.417533,0.0102924
206.101,0.409464,0.0101942
207.131,0.426958,0.0104099
208.167,0.42775,0.0104138
209.208,0.431892,0.0104738
210.254,0.438764,0.0105535
211.305,0.437125,0.010529
212.362,0.452049,0.010716
213.424,0.441782,0.0105904
214.491,0.436866,0.010538
215.563,0.434693,0.0105177
216.641,0.436703,0.0105467
217.724,0.438419,0.0105657
218.813,0.429303,0.0104573
219.907,0.418712,0.0103332
221.006,0.406654,0.0101967
222.111,0.412853,0.0102661
223.222,0.395345,0.0100487
224.338,0.389628,0.00997277
225.46,0.375789,0.00979556
226.587,0.383833,0.00990602
227.72,0.378226,0.00982492
228.859,0.382885,0.00987862
230.003,0.369345,0.00970269
231.153,0.370966,0.00973319
232.309,0.378586,0.00982947
233.47,0.38403,0.00989038
234.638,0.373966,0.00976199
235.811,0.376001,0.00979099
236.99,0.371367,0.00972013
238.175,0.377223,0.00979788
239.366,0.368312,0.00967341
240.562,0.372257,0.00972788
241.765,0.368676,0.00968274
242.974,0.365773,0.00964509
244.189,0.371159,0.00972157
245.41,0.393243,0.0100055
246.637,0.380823,0.00984563
247.87,0.38281,0.0098713
249.109,0.363239,0.00962333
250.355,0.370338,0.0097223
251.607,0.354661,0.00951157
252.865,0.3422,0.00933782
254.129,0.337001,0.00927265
255.4,0.332111,0.00919765
256.677,0.329134,0.00916124
257.96,0.337595,0.00927469
259.25,0.330939,0.00918595
260.546,0.330913,0.00919162
261.849,0.320017,0.00903574
263.158,0.323986,0.00908967
264.474,0.321771,0.00906876
265.796,0.318573,0.00901866
267.125,0.308913,0.00889319
268.461,0.318282,0.00901579
269.803,0.307309,0.00886458
271.152,0.309242,0.00889844
272.508,0.313536,0.00896402
273.871,0.327962,0.00915848
275.24,0.308265,0.00888507
276.616,0.310643,0.00892653
277.999,0.309948,0.00890817
279.389,0.304162,0.00884042
280.786,0.323355,0.00912451
282.19,0.320282,0.00908428
283.601,0.322099,0.00910392
285.019,0.340899,0.00937317
286.444,0.35705,0.00959371
287.876,0.341514,0.00939323
289.316,0.344264,0.00944433
290.762,0.377586,0.00989101
292.216,0.343176,0.00943532
293.677,0.351837,0.00956818
295.146,0.366997,0.00977661
296.621,0.415898,0.0104124
298.104,0.464492,0.0110097
299.595,0.541758,0.0118932
301.093,0.681593,0.0133473
302.598,0.889969,0.0152713
304.111,1.17112,0.0175315
305.632,1.28413,0.0183669
307.16,0.998396,0.0162136
308.696,0.573321,0.0123017
310.239,0.382884,0.010069
311.791,0.328694,0.00933562
313.35,0.275304,0.00855458
314.916,0.258083,0.00829308
316.491,0.269542,0.00848775
318.073,0.269524,0.0084929
319.664,0.289232,0.00880911
321.262,0.282508,0.00871746
322.868,0.307612,0.00910711
324.483,0.296036,0.00894204
326.105,0.281828,0.00873155
327.736,0.280307,0.00872387
329.374,0.262664,0.00846385
331.021,0.24003,0.00809695
332.676,0.252129,0.00830135
334.34,0.248907,0.00826337
336.011,0.222462,0.00781576
337.691,0.219154,0.00778195
339.38,0.224797,0.00788521
341.077,0.213467,0.0076948
342.782,0.217155,0.00777507
344.496,0.211438,0.00767411
346.218,0.21033,0.00767467
347.95,0.195811,0.0074059
349.689,0.178603,0.00707574
351.438,0.187624,0.0072658
353.195,0.191093,0.00733862
354.961,0.180167,0.0071484
356.736,0.180578,0.00715601
358.519,0.182978,0.00721543
360.312,0.192739,0.00741649
362.114,0.204507,0.00764523
363.924,0.187324,0.00733013
365.744,0.190845,0.00740758
367.572,0.203602,0.00765451
369.41,0.198496,0.00757198
371.257,0.203211,0.00767588
373.114,0.213571,0.00788804
374.979,0.208163,0.00779944
376.854,0.237201,0.00832932
378.738,0.241841,0.00842148
380.632,0.255676,0.00867166
382.535,0.255323,0.00866491
384.448,0.277381,0.00905831
386.37,0.263276,0.00883326
388.302,0.270999,0.00897238
390.244,0.251704,0.00866119
392.195,0.23922,0.00846339
394.156,0.239079,0.00847118
396.127,0.238351,0.00847718
398.107,0.237497,0.00846566
400.098,0.233599,0.00841054
402.098,0.223671,0.00824698
404.109,0.227125,0.00831479
406.129,0.250482,0.00874561
408.16,0.227733,0.00836335
410.201,0.231817,0.00845095
412.252,0.234467,0.00851973
414.313,0.22537,0.00837585
416.384,0.230305,0.00848317
418.466,0.226743,0.0084333
420.559,0.236074,0.00861444
422.662,0.250047,0.00887727
424.775,0.238975,0.00869783
426.899,0.257754,0.00905602
429.033,0.242885,0.0088033
431.178,0.223159,0.00845453
433.334,0.220316,0.00842038
435.501,0.213717,0.00830828
437.678,0.20615,0.00817071
439.867,0.228538,0.00862152
442.066,0.200409,0.0080763
444.276,0.22388,0.00856448
446.498,0.220498,0.00851317
448.73,0.224382,0.00861265
450.974,0.220742,0.00855856
453.229,0.240566,0.00893698
455.495,0.223207,0.00863311
457.773,0.225275,0.00870277
460.061,0.22414,0.00870242
462.362,0.221557,0.00867702
464.673,0.230675,0.00887624
466.997,0.211846,0.00850101
469.332,0.214796,0.00857551
471.679,0.197469,0.00823562
474.037,0.201957,0.00835432
476.407,0.199614,0.00832728
478.789,0.210044,0.00857133
481.183,0.202484,0.00842463
483.589,0.198564,0.00837154
486.007,0.208217,0.00858245
488.437,0.208875,0.00861232
490.879,0.203605,0.00852771
493.334,0.204432,0.00856489
495.8,0.20194,0.00853109
498.279,0.190589,0.00830487
500.771,0.200613,0.00854188
503.274,0.199529,0.00853323
505.791,0.20101,0.00859282
508.32,0.193905,0.0084651
510.861,0.189795,0.00837944
513.416,0.190831,0.00842353
515.983,0.196103,0.0085743
518.563,0.191532,0.00848908
521.155,0.187279,0.00840585
523.761,0.188181,0.00845288
526.38,0.185019,0.00840606
529.012,0.181404,0.00834428
531.657,0.190279,0.00856672
534.315,0.195188,0.00868625
536.987,0.187519,0.00855553
539.672,0.177988,0.00834858
542.37,0.19008,0.00865734
545.082,0.183072,0.00850063
547.807,0.188771,0.00866047
550.546,0.185891,0.00860084
553.299,0.189423,0.00871872
556.066,0.184709,0.00863974
558.846,0.194101,0.00890487
561.64,0.18345,0.00865184
564.448,0.172845,0.0084125
567.271,0.185738,0.00876833
570.107,0.209863,0.00933216
572.958,0.19569,0.00904009
575.822,0.223842,0.00968415
578.702,0.217584,0.00958542
581.595,0.219233,0.0096419
584.503,0.2046,0.00934474
587.426,0.184314,0.00890507
590.363,0.189736,0.00904617
593.314,0.207405,0.00946246
596.281,0.189921,0.0090977
599.262,0.183306,0.00897243
602.259,0.199726,0.00938909
605.27,0.187738,0.00913082
608.296,0.191908,0.00925707
611.338,0.186745,0.00916245
614.395,0.185872,0.0091843
617.467,0.178481,0.00900876
620.554,0.164903,0.00868669
623.657,0.170606,0.00884119
626.775,0.181109,0.00914575
629.909,0.18147,0.00918249
633.058,0.166601,0.00883082
636.224,0.166825,0.00884957
639.405,0.162791,0.00877978
642.602,0.169585,0.00899026
645.815,0.161214,0.00881023
649.044,0.163937,0.00889059
652.289,0.160545,0.00882488
655.551,0.172624,0.00919915
658.828,0.152982,0.00868599
662.122,0.171875,0.00921797
665.433,0.169861,0.00918598
668.76,0.186511,0.00965185
672.104,0.165423,0.00911442
675.464,0.153039,0.00880633
678.842,0.183388,0.00966556
682.236,0.172519,0.00940535
685.647,0.17015,0.00938915
689.075,0.177758,0.00960631
692.521,0.184357,0.00980602
695.983,0.16702,0.00937582
699.463,0.168742,0.00944208
702.961,0.175127,0.00965542
706.475,0.172003,0.00957827
710.008,0.175442,0.00972037
713.558,0.163082,0.00941408
717.126,0.183609,0.00999781
720.711,0.167493,0.00959043
724.315,0.167387,0.00963133
727.936,0.177414,0.00993437
731.576,0.181569,0.0100948
735.234,0.166394,0.00970588
738.91,0.182763,0.0101996
742.605,0.169473,0.00984008
746.318,0.163221,0.0096861
750.049,0.189582,0.0104698
753.8,0.168062,0.00991067
757.569,0.170368,0.00998737
761.356,0.161576,0.00975264
765.163,0.170391,0.0100526
768.989,0.177861,0.0102965
772.834,0.156813,0.00971065
776.698,0.164826,0.00998748
780.582,0.170704,0.0101864
784.485,0.170341,0.0102035
788.407,0.181998,0.0105849
792.349,0.184713,0.0106985
796.311,0.170044,0.0103138
800.292,0.157416,0.00992909
804.294,0.177371,0.0105842
808.315,0.172086,0.0104522
812.357,0.166237,0.0103138
816.419,0.162291,0.0102261
820.501,0.163795,0.0103067
824.603,0.173347,0.010621
828.726,0.158479,0.0102077
832.87,0.173423,0.0107234
837.034,0.173666,0.0107592
841.219,0.161066,0.0103912
845.425,0.164319,0.0105355
849.653,0.168697,0.0107173
853.901,0.171871,0.0108266
858.17,0.184178,0.0112524
862.461,0.172058,0.0108995
866.773,0.166628,0.0107777
871.107,0.176625,0.0111019
875.463,0.163466,0.0107277
879.84,0.192768,0.0117169
884.239,0.19783,0.0119124
888.661,0.202483,0.0120858
893.104,0.193962,0.0118587
897.569,0.244949,0.013385
902.057,0.299315,0.0148344
906.568,0.331654,0.0156393
911.1,0.327646,0.0155914
915.656,0.318093,0.0154206
920.234,0.318338,0.0154806
924.835,0.257333,0.013921
929.46,0.201599,0.0124069
934.107,0.223027,0.0130793
938.777,0.210485,0.0127731
943.471,0.238043,0.0136487
948.189,0.19932,0.0125456
952.93,0.206762,0.0128156
957.694,0.197665,0.0125729
962.483,0.208553,0.0129554
967.295,0.217553,0.0132597
972.132,0.190024,0.0124518
976.992,0.203772,0.0129268
981.877,0.202042,0.0129098
986.787,0.20854,0.0132146
991.72,0.224073,0.0137329
996.679,0.209791,0.013324
1001.66,0.233323,0.0140735
1006.67,0.268456,0.0151264
1011.7,0.24818,0.0146223
1016.76,0.214608,0.0136591
1021.85,0.226674,0.0140613
1026.96,0.225507,0.0140904
1032.09,0.201985,0.013394
1037.25,0.231254,0.0144165
1042.44,0.237191,0.0146453
1047.65,0.219887,0.0141446
1052.89,0.23304,0.0146286
1058.15,0.212655,0.0139689
1063.44,0.218192,0.0141979
1068.76,0.192778,0.0134287
1074.1,0.187264,0.0132885
1079.47,0.204605,0.013974
1084.87,0.199806,0.0138651
1090.3,0.191021,0.0136118
1095.75,0.196659,0.0138333
1101.23,0.214843,0.0145267
1106.73,0.218616,0.0147222
1112.27,0.224263,0.0149559
1117.83,0.205903,0.0144154
1123.42,0.171636,0.0131789
1129.03,0.204744,0.0144697
1134.68,0.208827,0.0146963
1140.35,0.178878,0.0135977
1146.05,0.177025,0.0135629
1151.78,0.208156,0.0148296
1157.54,0.20031,0.0145901
1163.33,0.200355,0.014647
1169.15,0.186092,0.0141605
1174.99,0.185302,0.0142114
1180.87,0.196281,0.0146384
1186.77,0.195909,0.0146955
1192.71,0.195402,0.0146924
1198.67,0.205551,0.0151778
1204.66,0.215258,0.0155962
1210.69,0.223405,0.0159597
1216.74,0.210148,0.0155446
1222.82,0.23476,0.0164682
1228.94,0.229836,0.0163563
1235.08,0.235373,0.0166655
1241.26,0.235002,0.0166814
1247.46,0.213567,0.0159297
1253.7,0.238189,0.016927
1259.97,0.242225,0.0171878
1266.27,0.242333,0.0172202
1272.6,0.228649,0.0168158
1278.96,0.211908,0.0162555
1285.36,0.208116,0.0161927
1291.79,0.196942,0.0157592
1298.24,0.227581,0.017035
1304.74,0.19193,0.0157113
1311.26,0.186059,0.0155616
1317.82,0.202706,0.0162844
1324.41,0.201394,0.0162964
1331.03,0.220633,0.0170815
1337.68,0.221593,0.0172054
1344.37,0.230354,0.017675
1351.09,0.245288,0.0183073
1357.85,0.206941,0.0168801
1364.64,0.215116,0.0173296
1371.46,0.201856,0.0167387
1378.32,0.239063,0.0183064
1385.21,0.218114,0.0175738
1392.14,0.2171,0.0176111
1399.1,0.244084,0.018739
1406.09,0.209821,0.0174568
1413.12,0.228501,0.0182923
1420.19,0.2397,0.0188287
1427.29,0.254952,0.0195184
1434.43,0.249723,0.0193566
1441.6,0.253931,0.0196016
1448.81,0.269939,0.0203419
1456.05,0.284885,0.0209039
1463.33,0.251079,0.0197195
1470.65,0.231657,0.0189421
1478,0.229943,0.0190037
1485.39,0.237691,0.0194076
1492.82,0.231247,0.0191993
1500.28,0.22935,0.0192858
1507.78,0.245137,0.0199687
1515.32,0.254794,0.0204425
1522.9,0.294316,0.0221115
1530.51,0.260328,0.0208661
1538.16,0.264144,0.0210555
1545.86,0.314574,0.0230439
1553.58,0.282271,0.021893
1561.35,0.26808,0.0213953
1569.16,0.279708,0.0220114
1577,0.318393,0.0235825
1584.89,0.329177,0.0240894
1592.81,0.310617,0.0234472
1600.78,0.281161,0.0223711
1608.78,0.27443,0.0221926
1616.83,0.280545,0.0225973
1624.91,0.249816,0.0213849
1633.03,0.26053,0.0219194
1641.2,0.274796,0.022657
1649.41,0.278087,0.0228298
1657.65,0.258868,0.0220724
1665.94,0.304523,0.0240598
1674.27,0.311958,0.0244205
1682.64,0.295014,0.0238067
1691.06,0.290258,0.0237278
1699.51,0.31009,0.0246438
1708.01,0.310653,0.0247911
1716.55,0.278227,0.0235131
1725.13,0.282609,0.0238322
1733.76,0.283945,0.0239774
1742.43,0.311863,0.0251421
1751.14,0.267532,0.0233963
1759.89,0.265727,0.0233705
1768.69,0.262816,0.0233189
1777.54,0.244563,0.0225379
1786.42,0.2606,0.0234315
1795.36,0.296703,0.0251974
1804.33,0.314643,0.0259795
1813.35,0.269982,0.0241108
1822.42,0.265797,0.0238923
1831.53,0.266495,0.023969
1840.69,0.226733,0.0222355
1849.89,0.25496,0.0237864
1859.14,0.259559,0.0240239
1868.44,0.250138,0.0235893
1877.78,0.256972,0.0241063
1887.17,0.268729,0.0248095
1896.61,0.236627,0.0233049
1906.09,0.29883,0.0263193
1915.62,0.292326,0.0260032
1925.2,0.238084,0.0235958
1934.82,0.251539,0.0243013
1944.5,0.261804,0.0248981
1954.22,0.277165,0.0257847
1963.99,0.242568,0.0241818
1973.81,0.265897,0.0253571
1983.68,0.265106,0.0254383
1993.6,0.255223,0.0251271
2003.57,0.267914,0.0257439
2013.59,0.243314,0.0246019
2023.65,0.247877,0.0248813
2033.77,0.274844,0.0262427
2043.94,0.269059,0.0261816
2054.16,0.222814,0.0238917
2064.43,0.250125,0.0254332
2074.75,0.224154,0.0240618
2085.13,0.216181,0.0236386
2095.55,0.20793,0.0234251
2106.03,0.256263,0.0259604
2116.56,0.232332,0.0248384
2127.14,0.244687,0.0255853
2137.78,0.240993,0.0254624
2148.47,0.221227,0.0244969
2159.21,0.262755,0.0268701
2170.01,0.223053,0.0247563
2180.86,0.232461,0.0253647
2191.76,0.231148,0.0252618
2202.72,0.22805,0.0252378
2213.73,0.248661,0.0263979
2224.8,0.26189,0.0271621
2235.93,0.229829,0.0255746
2247.11,0.212582,0.0247508
2258.34,0.200368,0.0241173
2269.63,0.210892,0.0248411
2280.98,0.240149,0.0266333
2292.39,0.247761,0.0270687
2303.85,0.233404,0.0263236
2315.37,0.22971,0.0261906
2326.94,0.209529,0.0252252
2338.58,0.21683,0.0256688
2350.27,0.256363,0.0279457
2362.02,0.228612,0.026474
2373.83,0.238146,0.0271619
2385.7,0.256951,0.028213
2397.63,0.229672,0.0267764
2409.62,0.217614,0.0260074
2421.67,0.224005,0.0265323
2433.77,0.214211,0.0260776
2445.94,0.226852,0.0269989
2458.17,0.234724,0.0274818
2470.46,0.231993,0.0275065
2482.82,0.247274,0.0284631
2495.23,0.21058,0.0261568
2507.71,0.213201,0.0264354
2520.25,0.23099,0.0276234
2532.85,0.222355,0.027115
2545.51,0.194397,0.0254711
2558.24,0.194076,0.0255098
2571.03,0.207945,0.0265187
2583.88,0.237946,0.0283619
2596.8,0.248466,0.0290836
2609.79,0.243298,0.0289319
2622.84,0.225324,0.0280001
2635.95,0.210661,0.0272154
2649.13,0.225499,0.0281999
2662.38,0.23622,0.0288585
2675.69,0.256609,0.0301179
2689.07,0.230328,0.0286094
2702.51,0.241167,0.0294922
2716.02,0.221347,0.0281577
2729.61,0.222891,0.0284343
2743.25,0.230118,0.0290535
2756.97,0.217073,0.0283012
2770.75,0.234976,0.0294533
2784.61,0.247334,0.0302925
2798.53,0.234559,0.029489
2812.52,0.248121,0.0305026
2826.59,0.202088,0.0276187
2840.72,0.202964,0.0278146
2854.92,0.175827,0.0259553
2869.2,0.197274,0.0274909
2883.54,0.169846,0.0255528
2897.96,0.211317,0.028652
2912.45,0.192044,0.0275026
2927.01,0.214043,0.0289615
2941.65,0.216104,0.029205
2956.36,0.211374,0.0290437
2971.14,0.236519,0.0306288
2985.99,0.24404,0.0311343
3000.92,0.253741,0.0319257
3015.93,0.236844,0.0310856
3031.01,0.261843,0.0326208
3046.16,0.260556,0.0326322
3061.39,0.290013,0.0345476
3076.7,0.244567,0.0318698
3092.08,0.227246,0.0308421
3107.54,0.25288,0.0327016
3123.08,0.232365,0.0315095
3138.7,0.251066,0.0326919
3154.39,0.266466,0.0336257
3170.16,0.255602,0.0330968
3186.01,0.240882,0.0321694
3201.94,0.255875,0.0334565
3217.95,0.240935,0.0325659
3234.04,0.232686,0.0319367
3250.21,0.229427,0.0319573
3266.47,0.259996,0.0340406
3282.8,0.24146,0.0328265
3299.21,0.251953,0.0336968
3315.71,0.277146,0.0352961
3332.29,0.301953,0.0371417
3348.95,0.283258,0.0360683
3365.69,0.298802,0.0371938
3382.52,0.267516,0.0352321
3399.43,0.26803,0.0354124
3416.43,0.275327,0.0359027
3433.51,0.255715,0.0347334
3450.68,0.254513,0.0346256
3467.93,0.249792,0.0343811
3485.27,0.330418,0.0398789
3502.7,0.313479,0.0390153
3520.21,0.267513,0.0359857
3537.81,0.215861,0.0324057
3555.5,0.25047,0.0352854
3573.28,0.269091,0.03674
3591.15,0.245011,0.0347396
3609.1,0.287246,0.0378451
3627.15,0.296483,0.0385272
3645.28,0.238279,0.0346356
3663.51,0.221602,0.0335322
3681.83,0.229188,0.0345679
3700.24,0.268227,0.0373822
3718.74,0.240737,0.0354748
3737.33,0.231408,0.0350396
3756.02,0.24825,0.0361711
3774.8,0.248862,0.036419
3793.67,0.23939,0.0359998
3812.64,0.267129,0.0380762
3831.7,0.231951,0.0353373
3850.86,0.22661,0.0349107
3870.12,0.244752,0.0366888
3889.47,0.206504,0.0338285
3908.92,0.209219,0.0339797
3928.46,0.200951,0.0335478
3948.1,0.167787,0.0307048
3967.84,0.211195,0.0346074
3987.68,0.247025,0.0374371
4007.62,0.291434,0.040624
4027.66,0.250875,0.0378415
4047.8,0.227302,0.0362693
4068.04,0.236167,0.0371741
4088.38,0.2562,0.0387207
4108.82,0.225119,0.0364705
4129.36,0.216037,0.0360706
4150.01,0.20414,0.0349157
4170.76,0.202782,0.0348663
4191.61,0.230439,0.0372785
4212.57,0.238842,0.0381511
4233.63,0.262623,0.0400291
4254.8,0.262961,0.040027
4276.08,0.23043,0.0375876
4297.46,0.176843,0.0332074
4318.94,0.230904,0.0380074
4340.54,0.212782,0.0363689
4362.24,0.233253,0.0383422
4384.05,0.23195,0.0383389
4405.97,0.203064,0.0359547
4428,0.230494,0.0384027
4450.14,0.245807,0.0399171
4472.39,0.2561,0.0410496
4494.75,0.247182,0.0403126
4517.23,0.25235,0.0404417
4539.81,0.262769,0.0413374
4562.51,0.24838,0.0405917
4585.33,0.203313,0.0369907
4608.25,0.171892,0.0340463
4631.29,0.224507,0.0390148
4654.45,0.226068,0.0390286
4677.72,0.232028,0.0398566
4701.11,0.199615,0.0371295
4724.62,0.195937,0.0368664
4748.24,0.194472,0.0367333
4771.98,0.260286,0.0425853
4795.84,0.245725,0.041669
4819.82,0.18883,0.0363998
4843.92,0.200441,0.0375957
4868.14,0.234942,0.0408132
4892.48,0.207164,0.0386052
4916.94,0.234212,0.0413239
4941.53,0.26774,0.0439264
4966.23,0.262717,0.0435761
4991.07,0.21533,0.0394787
5016.02,0.216977,0.0396731
5041.1,0.207791,0.0390852
5066.31,0.253714,0.0432381
5091.64,0.246805,0.0427789
5117.1,0.221454,0.040603
5142.68,0.233738,0.0418786
5168.4,0.267132,0.0450313
5194.24,0.167053,0.0353593
5220.21,0.234399,0.0424121
5246.31,0.206241,0.0398795
5272.54,0.18322,0.037742
5298.9,0.214167,0.0409561
5325.4,0.209443,0.0405138
5352.03,0.216953,0.0412092
5378.79,0.259163,0.0451718
5405.68,0.243044,0.0436295
5432.71,0.211259,0.0410497
5459.87,0.254468,0.0450805
5487.17,0.222133,0.0422246
5514.61,0.234528,0.0436018
5542.18,0.254623,0.0456512
5569.89,0.232012,0.0436089
5597.74,0.20675,0.0410434
5625.73,0.274976,0.047446
5653.86,0.226006,0.0428584
5682.13,0.176386,0.0382688
5710.54,0.182118,0.0390715
5739.09,0.218138,0.042819
5767.79,0.272548,0.0480322
5796.62,0.31174,0.051348
5825.61,0.276147,0.0483471
5854.74,0.290944,0.0497147
5884.01,0.307693,0.0515369
5913.43,0.313591,0.052195
5943,0.289763,0.050155
5972.71,0.254844,0.0468573
6002.57,0.289911,0.0504503
6032.59,0.275312,0.0491771
6062.75,0.263997,0.0479579
6093.06,0.229948,0.0448599
6123.53,0.214647,0.0436356
6154.15,0.285628,0.0504171
6184.92,0.251219,0.0471721
6215.84,0.258068,0.0480093
6246.92,0.264097,0.0484734
6278.16,0.252236,0.0473642
6309.55,0.28225,0.0505327
6341.09,0.24291,0.0469578
6372.8,0.273329,0.0499199
6404.66,0.270979,0.050057
6436.69,0.270734,0.0502724
6468.87,0.275134,0.0507055
6501.22,0.238278,0.0474063
6533.72,0.211448,0.0446043
6566.39,0.210734,0.0445798
6599.22,0.241249,0.0478594
6632.22,0.260177,0.0496444
6665.38,0.247702,0.0487333
6698.71,0.277672,0.051727
6732.2,0.282556,0.0522466
6765.86,0.229122,0.0471242
6799.69,0.289977,0.0530979
6833.69,0.284655,0.0526287
6867.86,0.251702,0.0494835
6902.2,0.20897,0.0451311
6936.71,0.255388,0.0502838
6971.39,0.310212,0.0561545
7006.25,0.294003,0.0545939
7041.28,0.236636,0.0487665
7076.49,0.178926,0.0427397
7111.87,0.208161,0.046159
7147.43,0.209592,0.0463132
7183.16,0.226908,0.0481663
7219.08,0.281962,0.0538378
7255.18,0.271657,0.0529324
7291.45,0.236424,0.049516
7327.91,0.22678,0.0486873
7364.55,0.271336,0.0533449
7401.37,0.291027,0.0551245
7438.38,0.274003,0.0534279
7475.57,0.241892,0.0503075
7512.95,0.244509,0.050817
7550.51,0.268532,0.0535619
7588.26,0.255097,0.0521598
7626.21,0.251479,0.0516613
7664.34,0.291344,0.0558466
7702.66,0.290912,0.0561828
7741.17,0.304048,0.0575375
7779.88,0.317502,0.0589591
7818.78,0.279607,0.0551596
7857.87,0.243999,0.0516444
7897.16,0.227942,0.0501112
7936.65,0.262137,0.0542329
7976.33,0.252062,0.0535868
8016.21,0.25757,0.0545147
8050.87,0.281299,0.0669922
